,content,score,sentimen
0,tiktok sangat bagus karya dapat teman banyak bagai daerah jika untung hasil cuan moga tiktok tambah fitur bagai fasilitas sukses and maju tiktok,5,positif
2,maaf kasih 2 aplikasi nya kurang bagus padahal jaring full klw udah buka sekali ga di buka lqi,2,negatif
3,tiktok nya sangat bagus pas buka video nya nonton tidak kapai jadi di baik yakkk tiktok paling the best,3,positif
4,dengan tiktok pas buka putar muter padahal wifi penuh gambar nya putar hitam gak gambar nya di baik dong,2,negatif
5,makin update malah oploadnya selalu gagal mulu slalu hapus terus tambah buruk nih aplikasi,1,negatif
6,terima kasih tik tok untuk tik tok ini masuk dalam peringkat social populer mudah cari mengupdatenya terima kasih,5,positif
7,aku suka sama nih tiktok aku serba gagal buat bikin video aku aplod nga like,4,positif
8,poko bagus kalau lebih bagus seperti efect kurang lain,4,positif
9,kalau mau bikin video lewat templat kadang kadang engga mau simpan video kadang dan kadang engga,4,positif
10,aplikasi bagus banget kenapa aku tambah lagu tik tok favorit muncul sana pliss pulih kan,4,positif
11,telah baharu wilayah tidak unggah foto atau video tanggap,3,positif
12,sangat puas sama tiktok is the best terikasih tiktok kamu sangat beri inspirasi,5,positif
13,sekarang pas download tiktok gak langsung dapet updet barunyaharus nga updet sendiri terus lama dapet updet baru nya,3,positif
14,hadeh jaring stabil terus 5 hari padahal jaring bagus wifi bagus,3,positif
15,dulu kecewa saya tidal isi ulang coin kalau sudah saya tambah bintang,2,negatif
16,satu dulu soal buka tiktok slalu tanggap padahal baru update,1,negatif
17,aplikasi tiktoknya gak buka anjj apk tololl,3,positif
18,ga tau akhir buka live nge lag buka vidio lag padahal quota banyak buka aplikasi lain lancar pas buka tiktok alloh nge lag sumpah capee,1,negatif
19,lumayan oke buat hiburantapi sekarang ada notivikasi apa tiktok bisa buka,3,positif
20,efek bisa ganti kalau mau joinsllu layar biru bisa di ganti posisi,1,negatif
21,bagus sukakarna tiktok rasa hibur khusus tki kerja luar negri bisa punya bnyak teman kami bisa hibur diri buat vidio moga tiktok depan makin maju bekembang,5,positif
22,app na bagustingkatkan cara kerja na lebih baik klau tambah fitur gambar na,5,positif
23,kok aku gabisa update tiktok nya,1,negatif
24,aplikasi buruk bisa berexpresi bebas goblokk,1,negatif
25,ketika masuk tiktok bisa mengunakan template capcut,2,negatif
26,ya tik tok aku ngak muncul kurun mohon cerah trimah kasih,5,positif
27,video live ngelag parah video live gak putar alias henti gak suara orang video nya lag parah banget sangat kecewa,1,negatif
28,tik tok aplikasi bagus banyak suka masyarakat kalau masalah tik tok tanggap baik cepat,5,positif
29,ya tiktok tidak buat komentar baik dulu,4,positif
30,lama tiktok baguscuma sayangsaya ada negri orangyang semua hp muncul tiktokshop nyajd bisa jalan bisnis tiktokshop,5,positif
31,mohon maaf apl tiktok pakai kok gak tanda jejak kaki yahjd gak tau siapa2 yang suka liat profile saya,1,negatif
32,update aplikasi hp sering restart baik seperti dulu hp sering restart ingin buka aplikasi terima kasih,4,positif
33,terima kasih tiktok terus kembang tiktok bisa hubung saja nal banyak orang baik,5,positif
34,kalian keluh soal lag atau fiturfitur nya lag perlu kalian tahu aplikasi ada negara indonesia ada versi asia mengunakan aplikasi negara perlu kalian tahu cairo dan indonesia jauh wajah bila jaring nya optimal,5,positif
35,selalu ngk buka ikut tambah pada hilang ngk naik ikut nya,1,negatif
36,ya sai masuk tiktok semua filter ga,1,negatif
37,kesal kali buka tik tok apa apa udah tutup aplikasi tik tok tanggap gak buka video,1,negatif
38,tiktok memang bagus baik saya bikin susah top up coin,5,positif
39,cod tiktok ku gak biasa saja jadi malas belanja kalau cod hilangin,5,positif
40,waw tiktok bagus banget bisa hasil uang gass,5,positif
42,tiktok oke fitur nya kren di prbanyak jga durasi ft nya tmbahin biar puas,4,positif
43,sukatpi ya sekarang ko kadang suka ngebelng sendiri,3,positif
44,tiktok oke mau nonton belanja semua serba oke,5,positif
45,aplikasi selalu bilang jaring stabil padahal wifi jaring bagus,1,negatif
46,sangat hibur bisa berexfresi walaupun kadang fitur fiturnya suka bisa pakai,3,positif
47,cukup bagus appnja aneka videonja sangat tarik bagus tonton baik terima kasih ulas saya,5,positif
48,ketika bagus cuma kadang lot putar video,4,positif
49,sering nglag padahal sinyal bgus video macet2 kek da kuota pdhal kuota baru isi baik,1,negatif
50,09122023 tiktok erorsaya kira sinyal bermasalahternyata tiktoknya eror terus live mau masuk live orang,1,negatif
51,jadi banyak iklan nya bat balas chat sudah iklan iklan lagl aree,2,negatif
52,bagus q bisa pake tik tok shop wkwk padahal ken banget jual yang,5,positif
53,sangat suka tiktok kreeennn buat hibur terlalu banyak langgan nya,5,positif
54,gak jelas gak login suruh tambah tanggal lahir terus gak gak jelas banget,1,negatif
55,skrg upload video gak pilih lagu sendiri y cari lagu gak pernah cm musik yng rekomendasiin aplikasi aj,1,negatif
56,aplikasi bagus kenapa kalau aplikasi diupdate ada beberapa fitur tidak guna malah notif begini fitur tidak guna harap diupdate padahal aplikasi diupdate jadi kesalmaka itu ratingnya tak kasih 3 dulu,3,positif
58,aplikasi tik tok emang bagus tambah wawas dan banyak teman,5,positif
59,memang thebes deh poko tiktok smoga makin rame makin manfaat buat semua guna tiktok,5,positif
60,tidak dapat sandi lupa emel nomer telpon pihak tik tok,5,positif
61,kasih bintang 4 ko kadang kadang scene video sudah rekam ilang sedikit saran sih tiktok lebih baik sound nya rekam sudah capek buat buah transisi sound nya suka ilang sendiri baik yaa,4,positif
62,aplikasi bagus dapat menhibur diri suka tonton aplikasi lah turut nomor dari youtube,5,positif
63,aplikasi nya bagus akhir2 kalau masuk live sinyal langsung hilang padahal pakai wifi aplikasi lain jalan di baik,2,negatif
64,apk bagustapi kalau buka live ampun deh lag nya jadi ga nyaman buat nonton padahal kuota sama wifi bagus sinyal terus kalau buka apk bagus sinyal masalah cuma pas nonton live aja,3,positif
65,kenapa tiktok selalu ga jaring padahal jaring bagus terus kalau liat play store tiktok selalu ke install padahal udah install berandamohon bantu nya pihak tiktok,4,positif
66,bisa login jeng t kirim deih kode na,1,negatif
67,bisa mereset sandi tiktok susah masuk akun tiktok lama selalu gagal,5,positif
68,makin hari aplikasi tik tok mutu semua upload hapus semua komentar di hapus sekarang tik tok aplikasi sampah,1,negatif
69,sejak ganti tiktok baru bisa sama sekali lihat viti mau bikin viti susah,5,positif
70,aplikasi jelek ga timbang mana langgar pandu mana nggak,1,negatif
71,sudah lama guna tiktok live streaming kenapa tiba tiba akun blokir permanen jujur rasa kecewa sendiri bingung apa alas saya sudah ajuin banding ga tanggap,3,positif
72,kok tiktok nya bisa d buka,2,negatif
73,tiktok bagus keren tempat nonton kadang live terus banyak iklan jual yah kalau tiktok shop tutup soal bikin ribet ngeganggu tolong di andet yah tiktok nya biar keren,4,positif
74,tidak life padahal udah didaftarin pakai ktp mohon baik,5,positif
75,bisa pasu kode undang padahal saya kan guna baru pertama keluh tidak lolos control tipu keluh dua salah jaring harap coba itu keluh mohon baik dong pihak tik tok,2,negatif
76,alangkah lebih baik ada atur kualitas video tonton youtube sangat bantu mereka minim kouta tetap hevan tonton video di tiktok kurang bufer video,5,positif
77,sangat sulit masuk kode undang guna baru kecewa kebaji tiktok lebih baik besar hadiah tonton pada undang teman di bagi kode undang tetap lolos kontrol tipu,1,negatif
79,bagus asal guna bagus tlong tiktok lebih ketat karna tiktok banyak buat video joget2 seksi tlong lebih lihat kalau perlu blok hal2 itu,5,positif
80,aplikasi bagus cuma iklan nya terlalu lebih terlalu banyak semua video bagus2 koktinggal cari di telusur tiktok mana mau dilihatterima kasih,5,positif
81,selamat malam kasi rat 3 dulu soal aku mau ganti tanggal lahir kok malah tulis nya kek gin dapat ubah tanggal lahiruntuk melanjutkantingkatkan aplikasi tiktok versi baru padahal di update kok begini tolong dong bales,3,positif
82,aplikasi tipu scamm cape minjem hp temen tetangga buat download tiktok ehh malah koinya cuma 1k yang 6k padahal tulisanya per undang 10k aplikasi scam lenarikanya gak aplikasi penipuann scamm,1,negatif
83,baik lagi sistem nya kita kalau mau buka aplikasi selalu lag parah kirain hp aku rusak tau apk nya gin mohon pihak tiktok segera di baik terimakasih,4,positif
84,iklan yik tok keluar terus padahal beberapa lalu tik tok hapus akhir saya download tapi iklan keluar saya ganggu hal,1,negatif
85,enatah sekarang app tiktok gak bukatiap klik gak kebika sedang kalau di uninstal truz instal semua draf hilang sayang banget udah ngdraft banyak buat posting kala jadi sia,1,negatif
86,baru mula maon tiktok sungguh senang sangat hibur memenri peluang kita bisa tuang bakat seni sekaligus bisnis,4,positif
87,mohon lokasi negara pakai isi manual jangan pakai otomatis sedang luar negeri mau akses tiktok versi negara tetapi kami sedang luar negeri susah sekali akses fitur fitur lain nya,2,negatif
89,knp skrang malah ngga buka aplikasi mau buka tiktok ada kterangan jaring stabil pdahal sinyal bagus bnget,3,positif
90,tiktok sangat bantu aplikasi bagus mohon d tinju beberapa fiturfitur ada filter cantik komal kok tidak ada di bantu fiturfitur,3,positif
92,bisa downloadd nama app keluar search di play store padahal aku sukak banget sama app walau ubah jadi tiktoktolong baik,1,negatif
93,kok ngak fitur geser foto biasa padahal udah instal ulang tetep ada pliss dong tiktok baik lagi maaf ya kasih bintang 2,2,negatif
96,gimana sih narik saldo gakbisa gagal terus gak bnyak sih cuman 50rb saya gak curang masak iya gak di tarik uang herann apa udah gak bayar ya capek nonton video hasil gak tarik jadi males,5,positif
97,mendownload apk tiktok padahalterus kalau saya bikin akun ditiktok gabisa bikin akun nyanah terus saya berapa kali punya akun tetep gak bisa buka di baik,1,negatif
98,bagus rentap knpa skrang sering matiklo udah bikin cape cape vidionya malah mati kmbli berandajdinya hilang vidio bikin itujlaskan cobaini tiktok versi baru,5,positif
99,kali kalau mau bikin event jangan nanggung2 bikin event mobile legend kok batas stok nya capek2 ngumpulin ujung nya gak di tuker kalau cuma buat popularitas sekali jangan bikin event gak jelas gitu gua uninstall ja nie aplikasi aplikasi gak jelas,1,negatif
100,tetlalu sensitif apk iniupload vidio kadang henti tengah kadang pesan bisa hubung internet padahal kuota internet baru isijdi kasih bintang 2 duluntr udah baik baru nambah,2,negatif
101,sekarang tiktok jadi ngelag banget yah padahal update fine tuh ga ngelag lancar jaya pas mau bikin vid tiba keluar apk nya dong di baik,3,positif
102,baru tiktok ga bagi semua orang,1,negatif
103,kalau posting sekarang kadang kadangsusah baik capcut gabisa download putar terus ngeloading kan bikin nunggu lama eh hasil gabisa download padahal baru isi quota jaring baguspertama capcut lancar eh sekarang ngeloading eh makin kesini ga bisaaku copot maaf,5,positif
104,sangat kecewa padahal udah download gak install gak di batal simpan udah ke pake banyak gak di pake apknya,1,negatif
105,bagus sih bagus aplikasi nya cuman tari saldo dana dana premium coba tari nya gak pake dana premium lebih bagus ngomong gitu krna ajar krna gak pinya ktp jdi dana premium dong tari nya jangan pake dana premium,4,positif
106,sempat uninstall memori penuh memori sudah kosong koneksi internet lancar cache google play store sudah hapus tetap tidak mau diinstall ulang mohon segera benah,1,negatif
107,aku punya teman bagai negara dapat tahu banyak aku nga tau lama bantu aku segala yang aku sembunyi lama seperti dansa dan bisa bikin ditiku bahagia pokok love love love aplikasi tiktok,5,positif
108,maaf belum dlu masalah bukan tiktok yaa sampe tiktok hampir mau blokir jdi skrng musically jadi tiktok mohon bantu buat rubah jadi musically dulu terimakasih,3,positif
109,q suka sih sama aplikasi ngunggah video q ga suka telah unggah kita harus share beberapa aplikasi saja sih tapi mohon baik,3,positif
110,apa apan skrng tiktok kok ga muncul tamplate capcut ga pytar video padahal jaring internet sanagt aman baharu buksn nya tambah bagus malah tambah jelek tiktok dulu lebuh bagus,1,negatif
111,keren bagus kalau cepat mode fast slow 2 kali pencet filter filter baru,5,positif
112,appk nya bagus aku igin bisa baik ketika si update baru jagan yang hilang ketika aku danloud update akun ikut hilang jadi mohon baik cepat,4,positif
113,sangat suka video musik terima kasi banget buat tiktok yan selalu beri video teman2 yan sangat menhibur ketika sendiri mana kapan beradaterima kasi buat tiktok moga terus asi video musik yan bagus kern2 semua terima kasih tiktok,5,positif
114,terima kasih tiktok ada apk jadi banyak sahabat jalin saudara tambah wawas ilmu agama intropeksi diri posting2an temen kreator moga tambah sukses,5,positif
115,app tik tok sangat hibur kala slsai kerja app kasi bagus mudah n mndptkan sahabat teman2 n keluarga di mana ada hampir sama fb paling mnojol nyayi n sperti suara pe nyanyi asli n me lawak ini tok pokok nya bagussss,5,positif
116,semenjak update tiktok makin ga jelas kalau buka sering diley smaa lola sekali buka lama gitu sering restart hp nya kalau buka tiktok dong punya baik app nya biar nake ga bikin bete,1,negatif
117,aplikasi bagustapi tiap live ngeleg nya banget,3,positif
118,bagus banget buat ngumpulin koin gajadi aku kecewa bangett,5,positif
119,pliss memori lebih dikecilin lgi kasihan punya hp kentang ken liat tiktok tidak karna halang memori mau beli hp baru tidak punya uang pihak developer untuk ksih ringan sedikit tentang memori tiktok makan habis memori 360 mb,1,negatif
120,hi tik tok keluar nomor hp di tik tok sudah kebanet permanen berapa kali coba ganti kata sandi tidak di reset dn tidak bisa masuk tik tok saya sendiri,2,negatif
121,dapat tampil gambar,1,negatif
122,aplikasi fitur sedia sangat keren tolong pihak tiktok kita upload video lolong fyp nya mudah yaa karna enak udah capekcapek buat video pas upload ehhh malah fyp,5,positif
123,kalau nonton live orang jadi lelet banget gak jelas padahal semua cochie di hapus,1,negatif
124,ga login frekuensi kunjung terlalu sering apa apa si ga tolong fix di tik tok lite dulu ga maju,1,negatif
125,habis update malah gak buka sampe akhir instal ulang kali tetep gak buka aneh bgt,1,negatif
126,bngkenapa akun tidak putar bng padahal reset hp gua bng gua susah payh dapetin uang apk tapi ujungujung nya gak bisa tolong di perbaikin bng buat apk,4,positif
127,perlu tingkat sih filter livestreaming di filter buat video ada terang nama filter apa biar tahu sipenggunanya terimakasih saja sih,5,positif
128,semenjak pakai tiktok makin banyak buat lebih tarik banyak pilih tiap photo video yang kita upload tiktok is the best pokok,5,positif
129,bagus sekali tiktok,5,positif
130,alhamdulillahbnyk pljrn bisa petik ada tiktokyg ga tau jadi tauberbagi ilmu tnpa mrsa bosansmg kdepannya tiktok smkin majuprbnyak konten2 didik lbh bagusjd ketika ank2 ikut mng instal aplikasi inikita sbg orang tua was2,5,positif
131,masuk tik tok daftar lewat email nomer telpon tetap masukkok benar benar gak bisa yasudah download daftar ulang ulang x tetap gak bisa guna nya gagal terus,3,positif
133,aku suka banget tik tok,5,positif
134,bagus cuma sering lelet tidak loading,5,positif
136,tiktok sekarang knpa si kalau buka susah uninstall dulu download baru buka tolong di baik dong,1,negatif
137,jelek banget aku mau bikin video ga padahal wifi aku nyala aman aman ajaadik aku main nya ga masalahkok aku gin malah mana cepet benerin donk,1,negatif
138,tik tok aku gabisa buat upload video baru padahal 3 kali coba video hps terus padahal aku lama pake baru gabisa upload videonyaitu mslh tik tok aku gak,3,positif
139,aku mula baru banget jauh sangat asik tiktok punya sistem beda aplikasi lai seru banget,5,positif
140,hnya ksih rating 1 krna pas buka daftar gak apply nia langsung keluar mohon baik yaa sya dua kali copot apply nya pas mau daftar langsung keluar mohon baik,1,negatif
141,tik tok update buat filter urut apabila music klik jadi bisa lihat mana video music sebut baru,4,positif
142,kasih bintang 3 ajabarang kali tik tok nya erortiktok terkadang gangguanklo tiktok nya lancar gx ganggu saya kasih bintang lebih dri 5 hiiii,3,positif
143,makasih beri aku aplikasi sanget baguskarena aplikasi tiktok jadi asa sepi lagibanyak teman tempat bagi cerita sangat menarikaku selalu kasih baik dengn bintang 5,5,positif
144,terima kasih tiktok sangat sangat bantu,5,positif
145,pertama aku heran ada 2 tik tok padahal aku download tiktok satu laginah aku coba download nyata ini itu apli musicaly sudah beli sama tiktokmakasih banget aku skrng ngehapusin aib aib aku,5,positif
146,aplikasi tidak langsung live padahal umur lampau lebih 20 tahun sampai sekarang ikut pun sudah lebih 1000 untuk aplikasi tiktok buka akun agar say buat live,2,negatif
147,aq suka sama aplikasi cuman bikin kesell kalau ga buka hari beranda jadi acak lebih kondisi ya min,5,positif
148,ak kecewa ama admin tiktok comenan orang jelek presiden lolos comen kait anis selalu hapusjadi admin it logo lihat bnget admin dukung anismaaf klau kata ku kurang sopan kecewa ja gtu,1,negatif
149,terimakasih aplikasi bagus banget bikin wawas tambah luas tiktok bisa ajar mana benar mana salah gantung fyp sih,5,positif
150,dear tiktok suka sekali aplikasi ada 1 kurang fitur nama kategori vidio save guna lebih mudah mensave vidio manfaat terima kasih harap ulas baca fitur siap di luncur,4,positif
151,suka banget sama app karna hibur ketika mood kumatt wkwk knpa kalau klik lagu nya suka error yaaah,5,positif
153,apknya sangat bosan ketika buka apknya selalu bisa selalu terang ada koneksi internet padahal jaring stabil,1,negatif
154,bantu tiktok ga ke buka lupa kata sandi imel ga aktip,5,positif
155,keren habis mantap dah,5,positif
156,kurang suka sama admin nya knpa kata2 kasar mnjatuhkan presiden sllu lolos,1,negatif
157,puas postingan selalu hapus,1,negatif
158,tiap komen selalu hapus,1,negatif
159,byisa nambah wawas and hot hotyess,3,positif
160,aku sangat suka aplikasi,5,positif
161,moga lebih baik selalu bgus,5,positif
162,apk sangat indah,5,positif
163,kok g fitur posting ulang sama tiktok shop,3,positif
164,tolong tambahin fitur upload hd tiktokjgn cuma amerika iphone itu di phone nlbelum please konten kreator sangat membutuhkankarna capek editing tidak hd,2,negatif
165,tik tok netral,1,negatif
166,cba pihak mu profesional dikitjgn main bend akun orang seenk mu aj mentang akun sebut untung pihak,1,negatif
167,efek bisa d guna,1,negatif
168,sekarang udah komen foto,5,positif
169,susah banget mau top up coin nya lainkali donk d permudahh proses top up nya biar pun betah pake aplikasi,1,negatif
170,bagus sih kalau mau coba filter baru update itu butuh waktu,5,positif
171,bisa downloadpadahal pakai wifi ruang simpan banyak ruang,1,negatif
172,asalammualaikum nama syaila fairuzasaya suka banget aplikasi aplikasi hibur ketika sendiri banyak video bisa palajari moga aplikasi jadi aplikasi paling suka dunia temanteman,5,positif
173,manfaat di guna baik untuk sebar dakwah tausiah hal hal yang beri energi positif seluruh guna tik tok utama ummat muslim dunia thanks,5,positif
174,sayang sekali ko lagu2 nya pada muncul,3,positif
175,sangat suka aplikasi tapi masih video harus nya boleh tayang kan soal nya kan aplikasi masih anak kecil masih nonton aplikasi nanti bisa jadi conto buruk,1,negatif
176,aplikasi sangat bagus guna baik tiktok jadi aplikasi baik saling komunikasi karya sesuai minat bakat masing2 guna tiktok,5,positif
177,belakang aplikasi suka ngelekjadi kasih bintang 2 dulu samapai aplikasi jalan normal di belakanagn,2,negatif
178,gatau kalau nonton live mau live suka lelet padahal kuota bnyk,1,negatif
179,hibur banget sya lama kerja luar,5,positif
180,sangat lama bisa menginstal nya jadi tidak suka aplikasi,2,negatif
181,tiktok makin lama makin susah di oprasikan,1,negatif
182,ngleg fulllllll 24 jam gimna nih tiktok makin depan makin kurang bagus,1,negatif
183,live streaming sinyal nya putus putus,2,negatif
184,ngk bukak live selalu ngeleg padahal kuota banyak,1,negatif
186,harihari di live engga kirim korun gody bag awal aman dn normal sekarang ko susah dong baik lgi biar normal biasa,5,positif
187,sangat hibur sayang aku mula bom live kaya orang2 tiktok,5,positif
188,kurang koneksi smoga tingkat,3,positif
189,cocok buat foto komen ada ngemis like follower share jangan bawa nama agama,5,positif
190,banyak konten hancur moral generasi muda tidak pantas tayang,1,negatif
191,admin bagaimana supaya download aplikasi tik tok semua y bisa alas jaringanmenunggu jrngan wifi makasih,5,positif
192,seru siihh jdi kreatif bikin koreo2 baru bisa kasih challenge temen2 makasih d ikan tempat explore add yaa hyangrestus,5,positif
193,aga kecewa si filter facelift hilang soal filter banyak rubah bentuk asli natural banget hasil akhirnyakalo laen kan menor terus hidung mancung banget ga cocok,4,positif
195,apk tidak guna tolong isi ulang koin nya keranjan kuning nya gak tambah peti gak pokok baik dulu deh baru tambah bintang,2,negatif
196,tik tok bagus makasih pokok kalau gak dowload bakal nyesel bangettt belum dowload dowload aplikasi tik tok yah,5,positif
197,apk lain kalau user rame server sering down aplikasi force close jauh saya suka apk keluar facebook saudara2nya,1,negatif
198,sedikit batas guna android salah satu fitur hilang tidak ada mic fitur duet,3,positif
200,aku bingung kalau komen kubu 01 03 sllu hapus sdng kan kalau kubu 01 03 wlupun komentar nya adab kena langgar moga adminnya sllu profisional,1,negatif
201,ga seru soal gabisa namatin gamegame belah ga history gabisa jalanjalan gta cuma video ga jelas di baik yah,1,negatif
202,aplikasi bagus bangetkarna bole edit video terus video bagus bagnet,5,positif
203,lama bayak ter ganggu nyaman masalah pakai mati jadi aku gaya an palsu nya,5,positif
204,akun tidak live sekarang mau bikin vidio tidak bagus masa bikin vidio baru mulai musik habis padahal baru 5 detik musik habistolong timbang ya terima kasih,1,negatif
205,yaa akuu mau daftar akun terus waktu masukkin tanggal bulan tahun lahir muncul tulis maaf seperti tidak penuh syarat tiktok terimakasih tarik cara nya bagaimana yaa,5,positif
206,maaf gw kasi 4bintang karena lot terus padahal jaring bagus bangat mohon selesai kendal,4,positif
207,app sangat bagus sangat bantu,5,positif
208,sya download check out tiktok shop nya selalu muncul coba terlalu banyak yah dong baik yahh kalau udah bisa aku kasik bintang 5,1,negatif
209,ni aplikasi suka hapus sendiri lalu kalau mau download kata maaf dapat menginstal kenapa y,3,positif
210,suka banget sama tiktok tolong lah ditambahin filter bisa bikin hd sama tambah keranjang kuning nya soal suka belanja,4,positif
211,seing bisa buka,5,positif
212,kembali versi lama tidak suka versi baru harus jadi tiktoktolong balikin musically dulu,1,negatif
213,tiktok nya jelek baik aku baru menginstal pas tanda buka aku pencet ga tolong baik,2,negatif
214,aplikasi sampahsuruh masukkin tanggal lahir salah betulmalah salahaplikasi gak lebih baik hapus playstore moga app hapus dari playstore amin,2,negatif
215,kalau buka komentar pin komentar nya kok gaada malah pin nya random bukan kasih paling atas baik supaya bisa nyaman mainin tiktok nya,4,positif
216,aplikasi bagus menhibur mau updatenya susah sekali coba harap kan ulang ber ulang gituh gin gin nia gue gak mau update efek dalam bagus semua gak coba sesal tapi update lama selalu harap coba,3,positif
217,aplikasi sangat guna sekalitapi baru download buka 5 menit chace 500mb ntah tolong baik,5,positif
218,mohon tingkat kan soal epek buat jadi komal sekarang ad guna ad tidak bisa gak dulu,5,positif
219,mudahmudahan tiktok bantu,5,positif
220,hey jangan iklan tik tok jadi kuota habis garagara iklan iklan gak guna saya sikap lah biasa jangan ada iklan kalau becus bikin apk,1,negatif
221,senang serasa punya teman hibur,3,positif
222,udah update filter tiktokeh besok mau buat update tolong la baik filter nya ko buat update sih,1,negatif
223,min tiap bukak tik tok mulu video nya knapa ya min padahal jaring bagus hp bagus tempat bagus kenapa itu min,4,positif
225,sih tik tok udah error njir gw nge login akun gw terus tulis frekuasi kunjung terlalu sering padahal udah tungguin 5 jam lebih masih muncul tulis,1,negatif
226,aplikasi tiktok bisa buka dihpku susah banget kenapa ni moga cepat baik tetima kasih padahal biasa suka ngasih 5 bintang kalau sudh bagus kasih bintang 5,1,negatif
227,kecewa aku akun titkok ku gabisaaa dibukak padahal akun ku uda lama follower nya uda banyak kian biasa login nya fb eh masuk fb smaa akun nya beda video follower nya tidak lagi,1,negatif
228,kecewa bangettkenapa baru musically jadi ubah campur tik toktolong kembali dulu tidak suka dicampur2,1,negatif
230,sedikit kecewa kurang bintangkarna ketika live selalu henti tiba tiba tampa sebabpadahal jaring lancar sekali,3,positif
231,pihak tiktok baik aplikasi lebih baik mau simpan video tak,3,positif
232,bagai mana kasih bintang full download ibu kali susah padhl wifi penuh aplikasi banyak saya buang mendownload tiktok masih tetap gak bisa gimna sih aplikasi sngt kesal kn,1,negatif
233,mau guna lagu susah sekali terdownload lamaa tingkat,1,negatif
234,terima kasih tiktokdgn nya tiktok jadi bnyk informasi temandn hibur bngtdgn musik nya mantul sx terima kasih banyak sehat sukses selalu,5,positif
235,hello slm mencihello asalamualaikumtiktok berhinti tolok bukak minta bantu anyantai tiktok,5,positif
236,aku senang main tiktok lah hibur tidak bosan selalu pers baru filter trgs nambah alam,5,positif
237,sebal main hapus postingan tampa lihat apa betul langgar situ kalau kaya gitu terus carakerjanya lebih baik uninstalle ja,1,negatif
238,tiktok aplikasi cman ngabisin kuota imbal nonton vidio receh jadi skrang tiktok aplikasi guna lama lama ada orang bagi nonton vidio,1,negatif
239,bagus bagaimana cara nya tiktok an hasil uwang,3,positif
240,tiktokan buat diri tetap happy hibur diri meski kerja berat jadi ringanthanks for your tiktok the best aplikasi,5,positif
241,stiap bikin vidio likecoment punapa sus hp iphone aj yang terlihattrus android tidak lihat id tiktok,3,positif
242,aplikasi manfaat terus tahan sering2 kasih voucher free ongkir tiktok shop biar makin laris dagang,5,positif
243,dar buat hibur kenal guna tiktokapabila suka postingan amin di ambil baik sajayg sekira manfaat buat diri pribadi buat orang,5,positif
244,tiktok kalau ga pake lama 1bulan ko bisa buka tiktok lagi sih dih baik,2,negatif
245,di baik masa ingin instal selalu masalah kecewa,1,negatif
246,aplikasi sangat penting anak lakilaki perempuan sedang kembang pesat bentuk sedang kembang kami ucap banyak terimakasih atas informasi sangat bantu proses bangun tepat,5,positif
247,app bagus cuman efek bisa pakai cuman muncul jomm wajah doang,1,negatif
248,pihak tiktok hormat akun tidak laku live streaming padahal capai 1000 follower usia sudah atas 18 tahun mohon sangat bantuanya di muncul fitur live streamingnya terima kasih,5,positif
249,kasi bintang 1 karna id tiktok selalu blokir padahal video2 upload sopan semua sekarang saya download gak lelet,1,negatif
250,luar biasa mantap,5,positif
251,tiktok khusus pke wifi bukan sch knpa yang pake data bisa buka tiktoksaya d luar negri,1,negatif
252,aplikasi ny jelek banget dehh jangan download yhhgak bagus percaya dehhh sama minum nyah boong pak nya bagussssssssbanget minim kasih bintang5 apk karna serubagus buat yang fakk modd instal mood nya kembali ceruahhh percaya dehhhhhsama minum yhasalamualikum teman,5,positif
253,sangat bagus tidak ter istal,5,positif
254,pliss balikin musically saya lebih suka apk musically banding kan tiktok sekarang apk tiktok suka error sendiri yaa balikin apk musically min,3,positif
255,u k bat ga bk yl ao dwld kok dulu aku download udah daftar akun terus aku hapus lah sekar ga download please baik,3,positif
256,hibur paling asik,5,positif
257,aplikasi bantu banget pokok the best deh buat tik tok ayosegera download aplikasi tiktok,5,positif
258,masuk tiktok d sulit sih selalu keluar ada sinyal padahal ful xue,1,negatif
259,bagus sih penggunaanya kalau akun dulu gak masuk dan cari gak,5,positif
260,neng banget tik tok mah best forever ngehibur kalau bosan terus bisa bikin vidio tik tok jadi aku neng banget makasih yang bikin aplikasi iniii aku suka banget tik tok,5,positif
261,aku kasi bintang satu karna aplikasi di buka lambat terus kadang2 bilangnnya jaring stabil padahal jaring bagus loh bagaimana sih,1,negatif
262,gua beri bintang 3 soal mb tik tok terlalu besar kecil kan kasihan hp nya samsungdll kalau mb kecil gua kasi bintang full,3,positif
263,tambah translate tiktokthanks,5,positif
264,gak buat komen foto,5,positif
265,tiktok gak adil up video orang saja udah cape buat video udah di ulang boro ngelike coba yang cuma nyengir doang langsung banyak likenya,3,positif
266,suka banget sama aplikasi tapi efek aku deh ko efek tiktok gabisa dipake 2022 keluarang efek baru,5,positif
267,pake app tik tok baik aman untuk nonton semua video app tik tok,1,negatif
268,sekarang tiktok lag terus liat live lag terus ya jadi bikin esmosi,3,positif
269,bagusss baik2nya jangan pilih2 kasih buat fyp terus mohon siar langsung buka semua guna tiktok karna butuh buat jual terima kasih,5,positif
270,susah sekali masuk undang baruselalu tipu eror jaringanpadahal aplikasi bagus undang teman bisa,3,positif
271,assalamualaikum dear tiktok salut tiktok apk ny baguss tambah tani ku kala lock down terimakasih,5,positif
272,aplikasi jelek bangeeeeeeeeeeeeeeeeet bohon aplikasi bagus banget terimakasih tik tok,5,positif
273,plis bngt pihak tiktok kok akun lma ku g bsa msuk tulis nyfrekuensi terlalu sering kunjung padahal 5 download hpus g bsa data di hps ttap aj kok briq bet y,1,negatif
274,relepantidak didik kandung forno graf,1,negatif
275,aplikasi nya knpa luar negri bsa pakai pdhal sinyal internet bagusada tau ya,5,positif
276,mula blom bnyk tau aplikasi tpi sangat suka dengan aplikasi saya hibur diri sendiri moga aplikasi makin melejittt,5,positif
277,kembali musically versi belum karna kalau musically sama tiktok gabung memori bakal penuh sekali kami minta untuk kembali musically versi lama,1,negatif
278,level kecil bisa bikin live aplikasi nya di kembangin maka akan kurang satu satu bintang nya,5,positif
279,skarang tik tok sya guna pvn nonton live,1,negatif
280,sllu ngleg padahal koneksi internet bagus,5,positif
281,akun terus2 an tangguh padahal akun baru gabisa login login ingat akun blok lama padahal tidak ngapa2 in post vid gapernah kasih solusi,1,negatif
282,tolong mudah simpan video karna saya simpan video bagi dulu lalu instagram,3,positif
283,apk tiktok nya pervaikin lgi dong kerja luar negrijdi cuman hibur kya liat video d tiktok kalau tiktok nya masa bisa buka terus msa sya unistal terus sih di baik lgi dong apk nya adminterima kasih,5,positif
284,tiktok tuh sensitif bgtt masaa iya komen dkit langsung hapus otomatis komennya kn mmbela kbnran sdgkan video nya nganiaya lah ngehina agama lah gilir kya gitu ngga dibanned anehh bgtt di banned malah gasalah apaa anehh emg tiktok,1,negatif
285,aplikasi sangat bagus kurang aplikasi adalah even muncul halaman harap developer erti dan baik nya,5,positif
286,apk nya bagus bangettapi buka blokir nya saya sangat butuh akun yanh nama itsyourbeby sekali saya mohon maaf saya buat salah di tiktok,5,positif
287,permisi mau tanya dong knapa tik tok aku kalau pakai wifi malah lot wifi nya bagus kok,3,positif
288,aku sangat suka pakai aplikasi tiktok tapi ko aku buat video slow musik ngah complit dong,5,positif
289,knp musically sama tiktokayo lah please musically tetap musicallydan tiktok tetap tiktokgk ush d sama samainkumohon kembali musically versi dulu,1,negatif
290,salam bagus buat hibur alam hidup pas deh pokok trmksh tiktok sukses tambah maju kembang buat kontenbaru oke,5,positif
291,aplikasi bagus sekali banyak filter bagus hibur banyak orang banyak drama bisa nonton sumpah siapa download ga bakal nyesel,5,positif
292,aplikasi bagus banget aku suka sama aplikasi iniaku sini lihat video tik tok nya bts blackpinkkarena aku adalah orang army orang blinksjadi aku kasi 5 bintang deh,5,positif
293,aku sangat suka aplikasi tik tok suka eror ga di buka sama sekali,5,positif
294,aplikasi tiktok bikin ingin sekolah sd karna uang saku waktu aku sd sangat murah sekali aku senang sekali ingat waktu dulu pernah ngiseng nyng katok,5,positif
295,sangat bantu ketika suntuk,5,positif
296,sangat hibur muas,4,positif
297,aplikasi tiktok sangat bagus cuma kadang sedikit masalah kallo yang komentar terus balas suka ga muncul balesannya,5,positif
298,apa cuma tiktok ku tidak di upgrade sama ada krenjang kuning solusi dong software udah baru kok,1,negatif
299,banyak bantu shop online nya saya saudi belanja perlu saya ingin untuk harga ny murah terimakasih tiktok,5,positif
300,suka tiktok bisa ajar banyak kehidupanshalat baca ceramah sangat bagus,5,positif
301,aplikasi bagus kurang dikit sih saya baca aplikasi bukan usernya awokawok,4,positif
302,tik tok anj nickname nya ko ga larang buat orang2 anjin hina agama ko ga blokir blokir orang2 nickname nya hina agama tolon blokir,1,negatif
304,saya beri bintang 5 tiktok bisa hilang stress saat frustasi kerja maupin masalah,5,positif
305,mantul buat hibur mantep thebest pokok,5,positif
306,aplikasi bisa download padahal internet kuatpenyimpanan banyak download apk bisa untuk apk tiktok bisa,1,negatif
307,bagus banget sih buat karya banyak bet fitur nya yang paling gw suka di beranda video ooaim ketu ngakak bet sih keren dah,5,positif
308,sekarang app tiktok bisa tambah lagu file musik hp sendiri,2,negatif
309,bagus banyak minat mudah akses dulu aku mimpi sekarang jadi nyata guna tik tok salam bos tik tok terimakasih moga aku banyak kasih like following,5,positif
310,sangat bagus sangat menghiburtapi aplikasi tik tok saya pakai gak foto tolong dong bikin foto dong,5,positif
311,sedikit kecewa sama tiktok tiap nonton salalu muncul jaring sedia padahal jaring bagus kalau nontonnya lama mala minta kode tiktok hmmmm tolon baik,2,negatif
312,apa cuma gua ngerasa tiktok sekarang pas nonton video gebugmancet gtu tiktok yang nonton rasa ganggu,1,negatif
313,bagus sih donload nya kok lama ulang terus mohon pihak tik tok diperbaikiinstal ny lama jadi bisa tik tok kan deh,5,positif
314,tiktok sembarang blokir pesan makin ga jelas aplikasi,1,negatif
315,bisa buka,1,negatif
316,kamera tiktok nya jelek banget bagai guna user android sangat kecewa kamera beri tiktok,1,negatif
317,apk sangat bagus bisa jadi makin pandai buat fidio edit fidio,5,positif
318,efek slowmotion sekarang kurang bagusmasa musik nya ilang begitugak pas sama sekalikecewa gue,1,negatif
319,aku kecewa apk tik tokduku ngelagkok sekarang suka ngelag jadi masuk tik tok jadi susahtolong baik,4,positif
320,sangat buruk coba tonton video lama tidak dapat point hasil tonton sering ini,1,negatif
321,mantap njinxcewenya montok montok cocok buat bacolsaya saran tambah genre japaneseindonesiablondearabteenbeatiful boobsdan banyak termiakasih tik tok cewelnya good banget,5,positif
322,apl in sangat menhiburkan semua begitu nali judul judul kita cari cari,5,positif
323,apk nya bagus cuman lebih filter untuk masuk fyp nya sekarang jadi susah buat fyp,5,positif
324,tik tok sangat bagus buat hibur banyak di salah guna masalah negara saling bakar bendera kasih ingat jangan bawa bawa negara bendera negara buat video tik tok,5,positif
325,aplikasi hibur baik gabut aplikasi terupdate kalau ada info berita pokok aku sukaaa,5,positif
326,kendala aplikasi tiktok tidak semua lagu pakai ntah atur apa gmna,5,positif
327,sangat senang jumpa teman lama baru sini sedia dunia baru sangat bagus sangat suka aplikasi,5,positif
328,bisa lebih bagus watermark android samain sama iphone terus kalau guna bikin like ada yang komen percuma kan buat,3,positif
329,sekarang tiktok kok susah memposting yaasetiap aku mau post selalu gagal padahal instal ulangtapi tetap gitu sekarang tiktok makin aneh aja,3,positif
330,aplikasi asyik seru buat hibur mantul mantap betul,5,positif
331,aplikasi nama tiktok bisa buat aku jadi tertawa senang tertawa ketika aku sedih anda ayo download aplikasi nama tiktok play store pun app store 5 stars,5,positif
332,bnyk iklan ngelag ga suka font ny fyp nya ska muncul gjelas lebih suka pke tiktok lite,3,positif
333,tiktok tambah fitur 18 18 ketika uploadagar ada anak kecil lihat konten 18,1,negatif
334,tidak mendownlod apk hapus semua foto apk lain tetap tidak bisik saya kasih bintang 1 tolong baik,1,negatif
335,bagus banget simpan di galeri hasil nya terus di pasang ss wa pokok nya bagus deh,5,positif
336,aplikasi tik tok tiap unduh kok gak pasang harus ngunduh ulang ulang kali,1,negatif
337,mendownload aplikasi ulang kali kali kenapa bisa sudah tiga kali coba hasil sama mohon info,1,negatif
338,samgat hibur guna aplikasi tapi sayang tik tok belum aku hapus jadi sekarang download mudah2an aku guna account lama,5,positif
339,aplikasi sangaaat bagus juga sangat hibur kalau sedang tidak muut coco banget liat aplikasi pasti jamin ngakak,5,positif
340,kasih bintang 4 app benar bagus saya cuma kasih bintang 4 bukan bintang lima ga slowmo potong potong gitu deh,4,positif
341,ini slowmo nya tiktok benerin karna bagus bagus ehh buang sendiri habis mau uploud aku sudah tunnguin lama malah mohon maaf coba ulang itu terima kasih,2,negatif
342,kok gak unduh suara jadi gak lagu kalau mau main tiktok,2,negatif
343,suka banget sama aplikasi sangat hibur senang moga makin kembang untuk depan,5,positif
344,tiktok update makain ga nyaman sekarang ga skip cepat video tiktok resah,1,negatif
345,hahahah aplikasi buruk udah downlod nonton sudah dftar kan diri sajah enga bisa sagat sayang di perbaikiklo udah baik saya kasi 5bintang,1,negatif
346,aplikasi tiktok bgs sayang waktu live teman bisa lht orang live bisa komentar ja bisa lht,5,positif
347,asli nya sih baik baik tapi saya kirim pesan sedangakn lain bisa untuk tiktok minta di baik,1,negatif
348,tik tok emang kren kenapa aku bisa daftar kalau aku daftar tulis seperti tidak penuh syarat tik tok,3,positif
349,tambah wawas tahu kita sendiri tahu juga kenal berita negara luar di negara sendiri,5,positif
350,apk nya download kok bisa yh malah suruh download ulg sia ajh nih padahal tdi menginstal eh kok di layar utma hp gue adalngsng cek plystore yh ngulang deh gitu gan,1,negatif
351,jelek ko da banyak tiktok bingung milih ini aplikasi asli palsu bingung lagi deh donload s sekarang baru tau kan asli ribeeeeet,1,negatif
352,mantap apkisi nyaterimakasih smoga depan nya makin fitur filter baru the best,5,positif
353,aplikasi dulu nya bilang alay sekarang jadi aplikasi paling populer ini emang gak yang tahu masa depan,4,positif
354,sayan suka sekali sama tik tok karena bikin video bisa simpan bisa bagi teman teman seruh deh,5,positif
355,terima kasih tiktok apk bagus liat kayes joged cewek lai live streaming nya mantap mantap kurang pakek bh tiktok terima kasih,5,positif
356,aplikasi sangat manfaat moga makin sukses berkah selalu terimakasih tiktok,5,positif
357,akun kunci udah kirim data data aku pernah urus paling bls email suruh kirim data mulu padahal udah kecewaa bgt,1,negatif
358,wowapk sangat baguskepada pihak garena di tingkat lagiselebihnya bagus sih moontonmemang mantap lah tencent,1,negatif
359,tidak live 9 komal kok lain kenapa tidak ayo update 9 komal please,3,positif
360,dong jangan macet lagiga bikin vt ga edit profil kenapa sih,3,positif
361,aplikasi gak mutu main blok unistall males bikin account baru gue bikin cuma buat awas anak fix satu keluarga unistall gak butuh tiktok bilang kalian coin jng percaya diboongin coin gue ilang sendiri,1,negatif
362,video di refresh video gak terus ajah yang ada,1,negatif
363,gk bagus banget app masah sih akun blokir kan tidak ngapa apa laku kesel banget udah daftar kali kali tidak hasil nia mohon di baik app karna juga main tik tok orang juga,1,negatif
364,hai kenal nama hasna aulia aku suka bangt tik tok kalian langsung donwlod aplikasi tik tok gak nyesel deh kalian guna aplikasi tik tok senang senag terimakasih aplikasi tik tok,5,positif
365,aplikasi bagus banget buat orang banyak bisa tunjuk bakat masingmasing tik tok,5,positif
366,aplikasi sangat hibur tetap maju kan program baru tik tok,5,positif
367,aplikasi tiktok hapus terus coba mendownload enggak gimna cara yah,5,positif
368,hormat pihak musically kecewa ada baru inimungkin bukan saja kecewa ada baru inikami mohon maaf sekaliapakah musically dikembalikanmaaf bila salah kata,2,negatif
369,bagus ngedonload nya lama kalau nanti cuma sebentar aku kasih 5sama udah 24 minta kok 11padahal jaring bagus,1,negatif
370,bagus sihtapi hampir semua lagu indiadj nya cuma sedikit baik,4,positif
371,lebih pilih musically duluplis deh gosah campur2tik tok campur musically mau jadi apaplis kembali musical dulu bukan yang skrg,1,negatif
372,bagus sih aplikasinyatp terkadang kena blok padahal ga melanggartp yang liat cd nya sam tetek aman,5,positif
373,sumpah nyesel bngt upgratny kirain pas dupgrt tambah bangus ehhh malah ga jls mana ga pke lgu sndiri lagitruss fariasiny ga sbnyak ip dri awalny mc ehh malah jdi tik tok trpksa aj pke apk in krna hobi kalau tolonggg baik dulu,2,negatif
374,aplikasi cukup baguscman krna z bkn nilai aplikasi lain sebagainyajadi aplikasi q kasih bintang lima ajh gitu,5,positif
375,sangat bagus zangan rupa danlout nia wa buat apa papa sangat bagus jangan rupa wa kasi binta lima sungu ini sagat bagus masuk daftar dulu wa,5,positif
376,gak update aplikasigak unggah videokomplit pokok mah,5,positif
377,tidak merkam lagu ada tik tok tidak levsing lagu lagu cant levsing songs,1,negatif
378,tiktok makin bagus kalau banyakbanyak gratis ongkir,5,positif
379,makasih tik tok moga semua hibur salur bakat juga saling untung,5,positif
380,download nya 73mb pas udah pasang liat video tbtb 1gb lebih need banget buat hp kapasitas kecil,1,negatif
381,kasih fitur cadang tema fyp dong jdi kalau uninstall terus instal jadi sama fypnya belum install jdi ga perlu sesuai lgi,4,positif
382,sii suka sma apl cuma yaa krna gabung transisi seperti harga kalau sii saran logo tiktok dab musically tengah tengah sja jangan semua logo tiktok mksihh,4,positif
383,baru baru sih jelek dikit yasoalnya jaring baguskok jalan lambat banget,1,negatif
384,apk nya suka keluar sendiri pas upload suka gagal mohon baik,1,negatif
385,terimakasih tiktokkarena hibur aplikasi buat sakit mulai baik saya sudah mem,5,positif
386,aplikasi sangat bagus ngobrol sama temanteman curhatcurhat ketawa,5,positif
387,sya sangat hibur kerika tonton tiktok situ video sangat tarik,5,positif
388,update filter lebih bagus lagisesuaidengan musik tiktok,5,positif
389,kasih fitur live stremingnya beri pilih grafik fhd hd sd jadi ga burik burik hp panjang2 jaman sekarang ini live rata2 jual jadi nontonnya lihat barang jadi bagus,3,positif
390,tiktok keren banget ajar ketawa poko banyak da 1112 lah sama youtube,5,positif
391,gila parah banget tiktok sekarang upload video malam sampe pagi gak like views n coment sama sekali parah banget gak ngerti sama algoritma tiktok,1,negatif
392,mau akun yang udah lama kembali soal nya udah coba berapa kali kata sandi salah terus nomor telepon sama email tidak aktif moga kembali akun,5,positif
393,hallo sangat kecewa sama tiktok saya punya akun facebook tadi aku mau login gak muncul muncul baik,1,negatif
394,aplikasi sangat penting hibur tarik waktu sedih,5,positif
395,aplikasi sangat bagus hibur sayang hp sya kentang jdi memori cepat penuh,5,positif
396,banyak ilmu dapat untuk alam tiap waktu simpan aman,5,positif
397,filter yang bisa pakai walaupun di update ulang kali,4,positif
